date_time,threat_info,country_code,,,,,,,,,,,,,,,,
5/8/2026 0:00,45.132.237.220,HK,,,,,,,,,,,,,,,,
5/8/2026 0:00,111.253.210.24,TW,,,,,,,,,,,,,,,,
5/8/2026 0:00,42.232.230.42,CN,,,,,,,,,,,,,,,,
5/8/2026 0:00,125.45.58.131,CN,,,,,,,,,,,,,,,,
5/8/2026 0:00,118.213.177.49,CN,,,,,,,,,,,,,,,,
5/8/2026 0:00,182.116.81.160,CN,,,,,,,,,,,,,,,,
5/8/2026 0:00,61.54.253.127,CN,,,,,,,,,,,,,,,,
5/8/2026 0:00,42.237.46.4,CN,,,,,,,,,,,,,,,,
5/8/2026 0:00,42.224.7.121,CN,,,,,,,,,,,,,,,,
5/8/2026 0:00,39.90.144.245,CN,,,,,,,,,,,,,,,,
5/8/2026 0:00,39.81.233.133,CN,,,,,,,,,,,,,,,,
5/8/2026 0:00,27.220.208.186,CN,,,,,,,,,,,,,,,,
5/8/2026 0:00,27.215.180.95,CN,,,,,,,,,,,,,,,,
5/8/2026 0:00,222.141.120.27,CN,,,,,,,,,,,,,,,,
5/8/2026 0:00,222.138.79.6,CN,,,,,,,,,,,,,,,,
5/8/2026 0:00,221.15.0.200,CN,,,,,,,,,,,,,,,,
5/8/2026 0:00,219.157.55.137,CN,,,,,,,,,,,,,,,,
5/8/2026 0:00,219.157.243.242,CN,,,,,,,,,,,,,,,,
5/8/2026 0:00,219.155.232.102,CN,,,,,,,,,,,,,,,,
5/8/2026 0:00,182.127.54.199,CN,,,,,,,,,,,,,,,,
5/8/2026 0:00,182.127.108.65,CN,,,,,,,,,,,,,,,,
5/8/2026 0:00,182.127.0.229,CN,,,,,,,,,,,,,,,,
5/8/2026 0:00,182.119.11.212,CN,,,,,,,,,,,,,,,,
5/8/2026 0:00,182.117.4.109,CN,,,,,,,,,,,,,,,,
5/8/2026 0:00,182.117.105.105,CN,,,,,,,,,,,,,,,,
5/8/2026 0:00,182.114.194.141,CN,,,,,,,,,,,,,,,,
5/8/2026 0:00,182.112.14.174,CN,,,,,,,,,,,,,,,,
5/8/2026 0:00,125.47.246.153,CN,,,,,,,,,,,,,,,,
5/8/2026 0:00,125.43.11.237,CN,,,,,,,,,,,,,,,,
5/8/2026 0:00,123.9.244.152,CN,,,,,,,,,,,,,,,,
5/8/2026 0:00,123.5.11.122,CN,,,,,,,,,,,,,,,,
5/8/2026 0:00,119.187.193.135,CN,,,,,,,,,,,,,,,,
5/8/2026 0:00,115.56.149.62,CN,,,,,,,,,,,,,,,,
5/8/2026 0:00,115.49.233.133,CN,,,,,,,,,,,,,,,,
5/8/2026 0:00,115.48.151.202,CN,,,,,,,,,,,,,,,,
5/8/2026 0:00,112.248.80.100,CN,,,,,,,,,,,,,,,,
5/8/2026 0:00,112.248.189.224,CN,,,,,,,,,,,,,,,,
5/8/2026 0:00,42.7.236.111,CN,,,,,,,,,,,,,,,,
5/8/2026 0:00,42.56.135.197,CN,,,,,,,,,,,,,,,,
5/8/2026 0:00,42.54.110.14,CN,,,,,,,,,,,,,,,,
5/8/2026 0:00,42.176.246.128,CN,,,,,,,,,,,,,,,,
5/8/2026 0:00,221.202.71.61,CN,,,,,,,,,,,,,,,,
5/8/2026 0:00,221.200.20.93,CN,,,,,,,,,,,,,,,,
5/8/2026 0:00,175.175.107.152,CN,,,,,,,,,,,,,,,,
5/8/2026 0:00,175.173.76.110,CN,,,,,,,,,,,,,,,,
5/8/2026 0:00,175.164.117.86,CN,,,,,,,,,,,,,,,,
5/8/2026 0:00,124.94.86.183,CN,,,,,,,,,,,,,,,,
5/8/2026 0:00,113.237.104.55,CN,,,,,,,,,,,,,,,,
5/8/2026 0:00,123.188.223.242,CN,,,,,,,,,,,,,,,,
5/8/2026 0:00,119.118.230.35,CN,,,,,,,,,,,,,,,,
5/8/2026 0:00,222.185.133.5,CN,,,,,,,,,,,,,,,,
5/8/2026 0:00,221.199.194.244,CN,,,,,,,,,,,,,,,,
5/8/2026 0:00,218.16.164.199,CN,,,,,,,,,,,,,,,,
5/8/2026 0:00,180.157.252.30,CN,,,,,,,,,,,,,,,,
5/8/2026 0:00,119.99.165.56,CN,,,,,,,,,,,,,,,,
5/8/2026 0:00,95.236.64.143,IT,,,,,,,,,,,,,,,,
5/8/2026 0:00,110.37.62.94,PK,,,,,,,,,,,,,,,,
5/8/2026 0:00,110.37.72.62,PK,,,,,,,,,,,,,,,,
5/8/2026 0:00,110.37.111.178,PK,,,,,,,,,,,,,,,,
5/8/2026 0:00,203.99.180.140,PK,,,,,,,,,,,,,,,,
5/8/2026 0:00,110.36.119.151,PK,,,,,,,,,,,,,,,,
5/8/2026 0:00,81.231.7.219,SE,,,,,,,,,,,,,,,,
5/8/2026 0:00,58.115.221.12,TW,,,,,,,,,,,,,,,,
5/8/2026 0:00,105.184.102.244,ZA,,,,,,,,,,,,,,,,
5/8/2026 0:00,5.42.65.101,RU,,,,,,,,,,,,,,,,
5/8/2026 0:00,111.246.16.156,TW,,,,,,,,,,,,,,,,
5/8/2026 0:00,111.253.199.151,TW,,,,,,,,,,,,,,,,
5/8/2026 0:00,1.170.200.148,TW,,,,,,,,,,,,,,,,
5/8/2026 0:00,1.163.206.193,TW,,,,,,,,,,,,,,,,
5/8/2026 0:00,111.253.214.209,TW,,,,,,,,,,,,,,,,
5/8/2026 0:00,45.132.237.216,HK,,,,,,,,,,,,,,,,
5/8/2026 0:00,1.168.176.161,TW,,,,,,,,,,,,,,,,
5/8/2026 0:00,36.232.88.154,TW,,,,,,,,,,,,,,,,
5/8/2026 0:00,36.232.71.240,TW,,,,,,,,,,,,,,,,
5/8/2026 0:00,111.253.196.105,TW,,,,,,,,,,,,,,,,
5/8/2026 0:00,1.170.192.80,TW,,,,,,,,,,,,,,,,
5/8/2026 0:00,111.246.236.15,TW,,,,,,,,,,,,,,,,
5/8/2026 0:00,36.232.92.228,TW,,,,,,,,,,,,,,,,
5/8/2026 0:00,45.128.145.31,,,,,,,,,,,,,,,,,
5/8/2026 0:00,36.232.118.18,TW,,,,,,,,,,,,,,,,
5/8/2026 0:00,112.98.97.168,CN,,,,,,,,,,,,,,,,
5/8/2026 0:00,113.231.246.202,CN,,,,,,,,,,,,,,,,
5/8/2026 0:00,115.49.78.11,CN,,,,,,,,,,,,,,,,
5/8/2026 0:00,115.54.167.205,CN,,,,,,,,,,,,,,,,
5/8/2026 0:00,115.57.165.7,CN,,,,,,,,,,,,,,,,
5/8/2026 0:00,115.61.10.252,CN,,,,,,,,,,,,,,,,
5/8/2026 0:00,115.63.55.207,CN,,,,,,,,,,,,,,,,
5/8/2026 0:00,119.115.119.45,CN,,,,,,,,,,,,,,,,
5/8/2026 0:00,119.185.240.152,CN,,,,,,,,,,,,,,,,
5/8/2026 0:00,123.12.27.139,CN,,,,,,,,,,,,,,,,
5/8/2026 0:00,123.148.230.242,CN,,,,,,,,,,,,,,,,
5/8/2026 0:00,125.41.8.68,CN,,,,,,,,,,,,,,,,
5/8/2026 0:00,125.44.244.65,CN,,,,,,,,,,,,,,,,
5/8/2026 0:00,125.47.84.105,CN,,,,,,,,,,,,,,,,
5/8/2026 0:00,180.158.34.199,CN,,,,,,,,,,,,,,,,
5/8/2026 0:00,219.155.68.141,CN,,,,,,,,,,,,,,,,
5/8/2026 0:00,221.14.106.222,CN,,,,,,,,,,,,,,,,
5/8/2026 0:00,42.227.247.173,CN,,,,,,,,,,,,,,,,
5/8/2026 0:00,42.239.235.52,CN,,,,,,,,,,,,,,,,
5/8/2026 0:00,60.178.146.78,CN,,,,,,,,,,,,,,,,
5/8/2026 0:00,60.18.70.240,CN,,,,,,,,,,,,,,,,
5/8/2026 0:00,61.137.154.63,CN,,,,,,,,,,,,,,,,
5/8/2026 0:00,61.53.111.164,CN,,,,,,,,,,,,,,,,
5/8/2026 0:00,78.165.98.56,TR,,,,,,,,,,,,,,,,
5/8/2026 0:00,110.37.78.216,PK,,,,,,,,,,,,,,,,
5/8/2026 0:00,83.142.209.150,,,,,,,,,,,,,,,,,
5/8/2026 0:00,111.246.44.149,TW,,,,,,,,,,,,,,,,
5/8/2026 0:00,112.238.239.252,CN,,,,,,,,,,,,,,,,
5/8/2026 0:00,112.248.115.199,CN,,,,,,,,,,,,,,,,
5/8/2026 0:00,112.248.127.128,CN,,,,,,,,,,,,,,,,
5/8/2026 0:00,112.93.136.105,CN,,,,,,,,,,,,,,,,
5/8/2026 0:00,112.93.200.138,CN,,,,,,,,,,,,,,,,
5/8/2026 0:00,113.229.88.55,CN,,,,,,,,,,,,,,,,
5/8/2026 0:00,113.231.235.124,CN,,,,,,,,,,,,,,,,
5/8/2026 0:00,113.239.80.69,CN,,,,,,,,,,,,,,,,
5/8/2026 0:00,115.49.0.88,CN,,,,,,,,,,,,,,,,
5/8/2026 0:00,115.55.228.3,CN,,,,,,,,,,,,,,,,
5/8/2026 0:00,115.55.230.81,CN,,,,,,,,,,,,,,,,
5/8/2026 0:00,115.55.242.186,CN,,,,,,,,,,,,,,,,
5/8/2026 0:00,115.56.156.73,CN,,,,,,,,,,,,,,,,
5/8/2026 0:00,115.57.215.103,CN,,,,,,,,,,,,,,,,
5/8/2026 0:00,115.59.82.139,CN,,,,,,,,,,,,,,,,
5/8/2026 0:00,119.116.136.130,CN,,,,,,,,,,,,,,,,
5/8/2026 0:00,119.187.178.201,CN,,,,,,,,,,,,,,,,
5/8/2026 0:00,123.11.9.151,CN,,,,,,,,,,,,,,,,
5/8/2026 0:00,123.13.105.180,CN,,,,,,,,,,,,,,,,
5/8/2026 0:00,123.14.96.14,CN,,,,,,,,,,,,,,,,
5/8/2026 0:00,123.162.60.250,CN,,,,,,,,,,,,,,,,
5/8/2026 0:00,123.188.76.50,CN,,,,,,,,,,,,,,,,
5/8/2026 0:00,123.233.235.231,CN,,,,,,,,,,,,,,,,
5/8/2026 0:00,123.9.240.195,CN,,,,,,,,,,,,,,,,
5/8/2026 0:00,125.42.33.182,CN,,,,,,,,,,,,,,,,
5/8/2026 0:00,125.47.242.189,CN,,,,,,,,,,,,,,,,
5/8/2026 0:00,125.47.243.5,CN,,,,,,,,,,,,,,,,
5/8/2026 0:00,171.39.85.96,CN,,,,,,,,,,,,,,,,
5/8/2026 0:00,180.110.39.162,CN,,,,,,,,,,,,,,,,
5/8/2026 0:00,182.113.233.180,CN,,,,,,,,,,,,,,,,
5/8/2026 0:00,182.116.122.72,CN,,,,,,,,,,,,,,,,
5/8/2026 0:00,182.116.39.185,CN,,,,,,,,,,,,,,,,
5/8/2026 0:00,182.120.10.227,CN,,,,,,,,,,,,,,,,
5/8/2026 0:00,182.121.227.68,CN,,,,,,,,,,,,,,,,
5/8/2026 0:00,182.125.21.104,CN,,,,,,,,,,,,,,,,
5/8/2026 0:00,182.126.126.248,CN,,,,,,,,,,,,,,,,
5/8/2026 0:00,182.126.127.39,CN,,,,,,,,,,,,,,,,
5/8/2026 0:00,182.127.176.104,CN,,,,,,,,,,,,,,,,
5/8/2026 0:00,182.127.3.115,CN,,,,,,,,,,,,,,,,
5/8/2026 0:00,182.241.176.6,CN,,,,,,,,,,,,,,,,
5/8/2026 0:00,221.14.41.164,CN,,,,,,,,,,,,,,,,
5/8/2026 0:00,221.15.140.215,CN,,,,,,,,,,,,,,,,
5/8/2026 0:00,221.15.142.162,CN,,,,,,,,,,,,,,,,
5/8/2026 0:00,221.15.16.6,CN,,,,,,,,,,,,,,,,
5/8/2026 0:00,221.203.88.180,CN,,,,,,,,,,,,,,,,
5/8/2026 0:00,222.137.93.131,CN,,,,,,,,,,,,,,,,
5/8/2026 0:00,222.139.102.135,CN,,,,,,,,,,,,,,,,
5/8/2026 0:00,222.141.26.212,CN,,,,,,,,,,,,,,,,
5/8/2026 0:00,27.215.38.17,CN,,,,,,,,,,,,,,,,
5/8/2026 0:00,27.215.54.162,CN,,,,,,,,,,,,,,,,
5/8/2026 0:00,39.77.69.225,CN,,,,,,,,,,,,,,,,
5/8/2026 0:00,39.79.147.45,CN,,,,,,,,,,,,,,,,
5/8/2026 0:00,42.225.84.68,CN,,,,,,,,,,,,,,,,
5/8/2026 0:00,42.227.133.138,CN,,,,,,,,,,,,,,,,
5/8/2026 0:00,42.230.217.221,CN,,,,,,,,,,,,,,,,
5/8/2026 0:00,42.230.42.84,CN,,,,,,,,,,,,,,,,
5/8/2026 0:00,42.232.108.110,CN,,,,,,,,,,,,,,,,
5/8/2026 0:00,42.232.181.23,CN,,,,,,,,,,,,,,,,
5/8/2026 0:00,42.234.208.74,CN,,,,,,,,,,,,,,,,
5/8/2026 0:00,42.239.179.83,CN,,,,,,,,,,,,,,,,
5/8/2026 0:00,42.239.242.25,CN,,,,,,,,,,,,,,,,
5/8/2026 0:00,42.55.29.173,CN,,,,,,,,,,,,,,,,
5/8/2026 0:00,61.52.157.18,CN,,,,,,,,,,,,,,,,
5/8/2026 0:00,61.52.187.234,CN,,,,,,,,,,,,,,,,
5/8/2026 0:00,61.53.105.189,CN,,,,,,,,,,,,,,,,
5/8/2026 0:00,61.53.122.26,CN,,,,,,,,,,,,,,,,
5/8/2026 0:00,61.53.123.70,CN,,,,,,,,,,,,,,,,
5/8/2026 0:00,61.53.223.175,CN,,,,,,,,,,,,,,,,
5/8/2026 0:00,61.53.98.111,CN,,,,,,,,,,,,,,,,
5/8/2026 0:00,110.37.117.88,PK,,,,,,,,,,,,,,,,
5/8/2026 0:00,110.37.42.62,PK,,,,,,,,,,,,,,,,
5/8/2026 0:00,85.130.235.5,,,,,,,,,,,,,,,,,
5/8/2026 0:00,88.248.194.163,,,,,,,,,,,,,,,,,
5/8/2026 0:00,140.237.38.80,AU,,,,,,,,,,,,,,,,
5/8/2026 0:00,36.232.100.2,TW,,,,,,,,,,,,,,,,
5/8/2026 0:00,36.232.96.242,TW,,,,,,,,,,,,,,,,
5/8/2026 0:00,1.168.175.104,TW,,,,,,,,,,,,,,,,
5/9/2026 0:00,36.232.89.120,TW,,,,,,,,,,,,,,,,
5/9/2026 0:00,36.232.76.14,TW,,,,,,,,,,,,,,,,
5/9/2026 0:00,36.232.98.208,TW,,,,,,,,,,,,,,,,
5/9/2026 0:00,116.139.83.93,CN,,,,,,,,,,,,,,,,
5/9/2026 0:00,119.180.15.71,CN,,,,,,,,,,,,,,,,
5/9/2026 0:00,123.129.128.84,CN,,,,,,,,,,,,,,,,
5/9/2026 0:00,123.7.237.173,CN,,,,,,,,,,,,,,,,
5/9/2026 0:00,218.21.123.205,CN,,,,,,,,,,,,,,,,
5/9/2026 0:00,222.139.123.40,CN,,,,,,,,,,,,,,,,
5/9/2026 0:00,27.206.64.100,CN,,,,,,,,,,,,,,,,
5/9/2026 0:00,27.215.87.87,CN,,,,,,,,,,,,,,,,
5/9/2026 0:00,42.177.23.214,CN,,,,,,,,,,,,,,,,
5/9/2026 0:00,42.231.255.127,CN,,,,,,,,,,,,,,,,
5/9/2026 0:00,42.235.80.242,CN,,,,,,,,,,,,,,,,
5/9/2026 0:00,42.53.2.42,CN,,,,,,,,,,,,,,,,
5/9/2026 0:00,60.19.161.240,CN,,,,,,,,,,,,,,,,
5/9/2026 0:00,60.214.57.210,CN,,,,,,,,,,,,,,,,
5/9/2026 0:00,61.53.125.251,CN,,,,,,,,,,,,,,,,
5/9/2026 0:00,105.225.133.221,ZA,,,,,,,,,,,,,,,,
5/9/2026 0:00,110.37.38.88,PK,,,,,,,,,,,,,,,,
5/9/2026 0:00,118.232.137.101,TW,,,,,,,,,,,,,,,,
5/9/2026 0:00,114.41.24.88,TW,,,,,,,,,,,,,,,,
5/9/2026 0:00,36.232.68.22,TW,,,,,,,,,,,,,,,,
5/9/2026 0:00,45.137.9.106,HK,,,,,,,,,,,,,,,,
5/10/2026 0:00,36.232.99.44,TW,,,,,,,,,,,,,,,,
5/10/2026 0:00,111.253.193.236,TW,,,,,,,,,,,,,,,,
5/10/2026 0:00,36.232.70.227,TW,,,,,,,,,,,,,,,,
5/10/2026 0:00,39.61.38.75,PK,,,,,,,,,,,,,,,,
5/10/2026 0:00,105.184.50.146,ZA,,,,,,,,,,,,,,,,
5/10/2026 0:00,110.85.98.200,CN,,,,,,,,,,,,,,,,
5/10/2026 0:00,222.134.163.51,CN,,,,,,,,,,,,,,,,
5/10/2026 0:00,42.225.71.115,CN,,,,,,,,,,,,,,,,
5/10/2026 0:00,61.53.119.205,CN,,,,,,,,,,,,,,,,
5/10/2026 0:00,125.41.6.93,CN,,,,,,,,,,,,,,,,
5/10/2026 0:00,115.49.28.23,CN,,,,,,,,,,,,,,,,
5/10/2026 0:00,115.58.132.142,CN,,,,,,,,,,,,,,,,
5/10/2026 0:00,39.74.244.251,CN,,,,,,,,,,,,,,,,
5/10/2026 0:00,123.8.82.84,CN,,,,,,,,,,,,,,,,
5/10/2026 0:00,123.14.86.67,CN,,,,,,,,,,,,,,,,
5/10/2026 0:00,27.37.90.164,CN,,,,,,,,,,,,,,,,
5/10/2026 0:00,42.180.10.67,CN,,,,,,,,,,,,,,,,
5/10/2026 0:00,124.94.203.77,CN,,,,,,,,,,,,,,,,
5/10/2026 0:00,124.94.155.201,CN,,,,,,,,,,,,,,,,
5/10/2026 0:00,36.232.86.69,TW,,,,,,,,,,,,,,,,
5/10/2026 0:00,36.232.75.33,TW,,,,,,,,,,,,,,,,
5/10/2026 0:00,61.168.52.154,CN,,,,,,,,,,,,,,,,
5/10/2026 0:00,27.200.81.53,CN,,,,,,,,,,,,,,,,
5/10/2026 0:00,222.142.67.189,CN,,,,,,,,,,,,,,,,
5/10/2026 0:00,175.153.67.207,CN,,,,,,,,,,,,,,,,
5/10/2026 0:00,124.135.209.231,CN,,,,,,,,,,,,,,,,
5/10/2026 0:00,123.233.39.219,CN,,,,,,,,,,,,,,,,
5/10/2026 0:00,116.209.178.80,CN,,,,,,,,,,,,,,,,
5/10/2026 0:00,114.232.246.84,CN,,,,,,,,,,,,,,,,
5/10/2026 0:00,110.37.80.7,PK,,,,,,,,,,,,,,,,
5/10/2026 0:00,110.138.129.150,ID,,,,,,,,,,,,,,,,
5/10/2026 0:00,182.119.228.50,CN,,,,,,,,,,,,,,,,
5/10/2026 0:00,123.10.134.185,CN,,,,,,,,,,,,,,,,
5/10/2026 0:00,113.94.31.79,CN,,,,,,,,,,,,,,,,
5/10/2026 0:00,110.39.241.60,PK,,,,,,,,,,,,,,,,
5/10/2026 0:00,110.39.241.173,PK,,,,,,,,,,,,,,,,
5/10/2026 0:00,61.52.54.249,CN,,,,,,,,,,,,,,,,
5/10/2026 0:00,59.101.188.117,AU,,,,,,,,,,,,,,,,
5/10/2026 0:00,42.224.25.80,CN,,,,,,,,,,,,,,,,
5/10/2026 0:00,39.87.28.212,CN,,,,,,,,,,,,,,,,
5/10/2026 0:00,27.215.125.68,CN,,,,,,,,,,,,,,,,
5/10/2026 0:00,222.141.105.198,CN,,,,,,,,,,,,,,,,
5/10/2026 0:00,222.139.110.174,CN,,,,,,,,,,,,,,,,
5/10/2026 0:00,222.135.223.227,CN,,,,,,,,,,,,,,,,
5/10/2026 0:00,182.127.111.100,CN,,,,,,,,,,,,,,,,
5/10/2026 0:00,182.127.108.67,CN,,,,,,,,,,,,,,,,
5/10/2026 0:00,182.121.243.48,CN,,,,,,,,,,,,,,,,
5/10/2026 0:00,182.123.211.153,CN,,,,,,,,,,,,,,,,
5/10/2026 0:00,182.113.254.254,CN,,,,,,,,,,,,,,,,
5/10/2026 0:00,125.43.33.151,CN,,,,,,,,,,,,,,,,
5/10/2026 0:00,125.41.3.67,CN,,,,,,,,,,,,,,,,
5/10/2026 0:00,124.131.156.141,CN,,,,,,,,,,,,,,,,
5/10/2026 0:00,123.14.210.109,CN,,,,,,,,,,,,,,,,
5/10/2026 0:00,123.12.185.130,CN,,,,,,,,,,,,,,,,
5/10/2026 0:00,123.10.158.68,CN,,,,,,,,,,,,,,,,
5/10/2026 0:00,119.187.203.119,CN,,,,,,,,,,,,,,,,
5/10/2026 0:00,119.185.145.98,CN,,,,,,,,,,,,,,,,
5/10/2026 0:00,119.179.83.29,CN,,,,,,,,,,,,,,,,
5/10/2026 0:00,119.179.251.41,CN,,,,,,,,,,,,,,,,
5/10/2026 0:00,119.179.249.188,CN,,,,,,,,,,,,,,,,
5/10/2026 0:00,115.57.228.224,CN,,,,,,,,,,,,,,,,
5/10/2026 0:00,115.57.247.149,CN,,,,,,,,,,,,,,,,
5/10/2026 0:00,115.57.183.232,CN,,,,,,,,,,,,,,,,
5/10/2026 0:00,115.55.229.73,CN,,,,,,,,,,,,,,,,
5/10/2026 0:00,115.55.131.152,CN,,,,,,,,,,,,,,,,
5/10/2026 0:00,115.50.223.57,CN,,,,,,,,,,,,,,,,
5/10/2026 0:00,115.50.172.135,CN,,,,,,,,,,,,,,,,
5/10/2026 0:00,115.49.234.205,CN,,,,,,,,,,,,,,,,
5/10/2026 0:00,112.248.161.40,CN,,,,,,,,,,,,,,,,
5/10/2026 0:00,110.37.88.156,PK,,,,,,,,,,,,,,,,
5/10/2026 0:00,110.37.34.154,PK,,,,,,,,,,,,,,,,
5/10/2026 0:00,42.6.80.211,CN,,,,,,,,,,,,,,,,
5/10/2026 0:00,42.5.65.199,CN,,,,,,,,,,,,,,,,
5/10/2026 0:00,42.5.239.201,CN,,,,,,,,,,,,,,,,
5/10/2026 0:00,27.37.24.183,CN,,,,,,,,,,,,,,,,
5/10/2026 0:00,27.37.110.234,CN,,,,,,,,,,,,,,,,
5/10/2026 0:00,27.37.114.76,CN,,,,,,,,,,,,,,,,
5/10/2026 0:00,175.175.217.96,CN,,,,,,,,,,,,,,,,
5/10/2026 0:00,175.174.8.104,CN,,,,,,,,,,,,,,,,
5/10/2026 0:00,175.150.112.178,CN,,,,,,,,,,,,,,,,
5/10/2026 0:00,123.209.88.247,AU,,,,,,,,,,,,,,,,
5/10/2026 0:00,116.138.15.21,CN,,,,,,,,,,,,,,,,
5/10/2026 0:00,113.239.223.27,CN,,,,,,,,,,,,,,,,
5/10/2026 0:00,113.236.92.25,CN,,,,,,,,,,,,,,,,
5/10/2026 0:00,113.236.101.106,CN,,,,,,,,,,,,,,,,
5/10/2026 0:00,113.232.77.89,CN,,,,,,,,,,,,,,,,
5/10/2026 0:00,112.93.201.211,CN,,,,,,,,,,,,,,,,
5/11/2026 0:00,59.42.88.140,CN,,,,,,,,,,,,,,,,
5/11/2026 0:00,42.4.110.10,CN,,,,,,,,,,,,,,,,
5/11/2026 0:00,42.234.142.28,CN,,,,,,,,,,,,,,,,
5/11/2026 0:00,42.229.191.215,CN,,,,,,,,,,,,,,,,
5/11/2026 0:00,42.227.196.65,CN,,,,,,,,,,,,,,,,
5/11/2026 0:00,27.37.103.139,CN,,,,,,,,,,,,,,,,
5/11/2026 0:00,27.215.209.230,CN,,,,,,,,,,,,,,,,
5/11/2026 0:00,27.21.28.213,CN,,,,,,,,,,,,,,,,
5/11/2026 0:00,27.206.89.192,CN,,,,,,,,,,,,,,,,
5/11/2026 0:00,219.156.85.155,CN,,,,,,,,,,,,,,,,
5/11/2026 0:00,182.127.190.1,CN,,,,,,,,,,,,,,,,
5/11/2026 0:00,182.127.126.43,CN,,,,,,,,,,,,,,,,
5/11/2026 0:00,182.127.100.61,CN,,,,,,,,,,,,,,,,
5/11/2026 0:00,182.126.178.32,CN,,,,,,,,,,,,,,,,
5/11/2026 0:00,182.123.234.14,CN,,,,,,,,,,,,,,,,
5/11/2026 0:00,175.165.109.159,CN,,,,,,,,,,,,,,,,
5/11/2026 0:00,175.148.200.81,CN,,,,,,,,,,,,,,,,
5/11/2026 0:00,123.7.237.43,CN,,,,,,,,,,,,,,,,
5/11/2026 0:00,123.11.10.91,CN,,,,,,,,,,,,,,,,
5/11/2026 0:00,115.55.251.140,CN,,,,,,,,,,,,,,,,
5/11/2026 0:00,115.55.193.33,CN,,,,,,,,,,,,,,,,
5/11/2026 0:00,115.54.127.247,CN,,,,,,,,,,,,,,,,
5/11/2026 0:00,115.52.52.55,CN,,,,,,,,,,,,,,,,
5/11/2026 0:00,115.51.18.175,CN,,,,,,,,,,,,,,,,
5/11/2026 0:00,115.48.144.224,CN,,,,,,,,,,,,,,,,
5/11/2026 0:00,113.233.88.183,CN,,,,,,,,,,,,,,,,
5/11/2026 0:00,113.229.190.11,CN,,,,,,,,,,,,,,,,
5/11/2026 0:00,174.105.154.212,US,,,,,,,,,,,,,,,,
5/11/2026 0:00,90.228.239.131,SE,,,,,,,,,,,,,,,,
5/11/2026 0:00,85.12.251.50,RU,,,,,,,,,,,,,,,,
5/11/2026 0:00,85.12.204.206,RU,,,,,,,,,,,,,,,,
5/11/2026 0:00,110.37.86.55,PK,,,,,,,,,,,,,,,,
5/11/2026 0:00,77.209.70.77,ES,,,,,,,,,,,,,,,,
5/11/2026 0:00,157.66.146.183,AU,,,,,,,,,,,,,,,,
5/11/2026 0:00,193.163.187.71,AL,,,,,,,,,,,,,,,,
5/11/2026 0:00,185.89.157.150,AL,,,,,,,,,,,,,,,,
5/11/2026 0:00,36.232.81.120,TW,,,,,,,,,,,,,,,,
5/11/2026 0:00,111.253.215.145,TW,,,,,,,,,,,,,,,,
5/11/2026 0:00,36.232.93.115,TW,,,,,,,,,,,,,,,,
5/11/2026 0:00,114.41.19.50,TW,,,,,,,,,,,,,,,,
5/11/2026 0:00,111.253.213.212,TW,,,,,,,,,,,,,,,,
5/11/2026 0:00,111.252.153.179,TW,,,,,,,,,,,,,,,,
5/11/2026 0:00,111.246.46.192,TW,,,,,,,,,,,,,,,,
5/11/2026 0:00,111.253.208.29,TW,,,,,,,,,,,,,,,,
5/11/2026 0:00,61.224.117.44,TW,,,,,,,,,,,,,,,,
5/11/2026 0:00,61.224.110.74,TW,,,,,,,,,,,,,,,,
5/11/2026 0:00,61.224.78.247,TW,,,,,,,,,,,,,,,,
5/11/2026 0:00,45.128.145.78,HK,,,,,,,,,,,,,,,,
5/11/2026 0:00,36.235.153.208,TW,,,,,,,,,,,,,,,,
5/11/2026 0:00,36.232.83.78,,,,,,,,,,,,,,,,,
5/11/2026 0:00,111.253.211.19,TW,,,,,,,,,,,,,,,,
5/11/2026 0:00,114.41.19.102,TW,,,,,,,,,,,,,,,,
5/11/2026 0:00,61.230.182.120,TW,,,,,,,,,,,,,,,,
5/11/2026 0:00,45.137.9.238,HK,,,,,,,,,,,,,,,,
5/11/2026 0:00,111.253.212.8,TW,,,,,,,,,,,,,,,,
5/11/2026 0:00,114.41.218.160,TW,,,,,,,,,,,,,,,,
5/11/2026 0:00,111.253.211.221,TW,,,,,,,,,,,,,,,,
5/11/2026 0:00,61.223.85.104,TW,,,,,,,,,,,,,,,,
5/11/2026 0:00,36.235.154.249,TW,,,,,,,,,,,,,,,,
5/11/2026 0:00,122.118.152.93,TW,,,,,,,,,,,,,,,,
5/11/2026 0:00,111.253.195.65,TW,,,,,,,,,,,,,,,,
5/11/2026 0:00,27.194.42.82,CN,,,,,,,,,,,,,,,,
5/11/2026 0:00,42.234.148.181,CN,,,,,,,,,,,,,,,,
5/11/2026 0:00,220.184.42.21,CN,,,,,,,,,,,,,,,,
5/11/2026 0:00,60.208.157.46,CN,,,,,,,,,,,,,,,,
5/11/2026 0:00,124.133.140.46,CN,,,,,,,,,,,,,,,,
5/11/2026 0:00,58.208.249.184,CN,,,,,,,,,,,,,,,,
5/11/2026 0:00,42.229.90.122,CN,,,,,,,,,,,,,,,,
5/11/2026 0:00,42.232.182.85,CN,,,,,,,,,,,,,,,,
5/11/2026 0:00,39.90.148.218,CN,,,,,,,,,,,,,,,,
5/11/2026 0:00,219.155.229.217,CN,,,,,,,,,,,,,,,,
5/11/2026 0:00,125.47.242.65,CN,,,,,,,,,,,,,,,,
5/11/2026 0:00,42.239.230.227,CN,,,,,,,,,,,,,,,,
5/11/2026 0:00,42.56.199.210,CN,,,,,,,,,,,,,,,,
5/11/2026 0:00,119.117.57.12,CN,,,,,,,,,,,,,,,,
5/11/2026 0:00,42.6.190.38,CN,,,,,,,,,,,,,,,,
5/11/2026 0:00,116.138.185.207,CN,,,,,,,,,,,,,,,,
5/11/2026 0:00,36.235.142.56,TW,,,,,,,,,,,,,,,,
5/11/2026 0:00,36.235.140.39,TW,,,,,,,,,,,,,,,,
5/11/2026 0:00,1.168.179.2,TW,,,,,,,,,,,,,,,,
5/11/2026 0:00,111.253.215.58,TW,,,,,,,,,,,,,,,,
5/11/2026 0:00,122.137.214.162,CN,,,,,,,,,,,,,,,,
5/11/2026 0:00,175.44.154.101,CN,,,,,,,,,,,,,,,,
5/11/2026 0:00,222.139.119.74,CN,,,,,,,,,,,,,,,,
5/11/2026 0:00,119.113.186.130,CN,,,,,,,,,,,,,,,,
5/11/2026 0:00,110.37.108.54,PK,,,,,,,,,,,,,,,,
5/11/2026 0:00,103.20.31.48,IN,,,,,,,,,,,,,,,,
5/11/2026 0:00,123.158.154.151,CN,,,,,,,,,,,,,,,,
5/11/2026 0:00,27.19.27.29,CN,,,,,,,,,,,,,,,,
5/11/2026 0:00,110.85.88.173,CN,,,,,,,,,,,,,,,,
5/11/2026 0:00,221.198.227.203,CN,,,,,,,,,,,,,,,,
5/11/2026 0:00,119.52.128.201,CN,,,,,,,,,,,,,,,,
5/11/2026 0:00,42.235.48.21,CN,,,,,,,,,,,,,,,,
5/11/2026 0:00,182.114.192.83,CN,,,,,,,,,,,,,,,,
5/11/2026 0:00,219.157.182.198,CN,,,,,,,,,,,,,,,,
5/11/2026 0:00,182.119.61.6,CN,,,,,,,,,,,,,,,,
5/11/2026 0:00,125.41.215.248,CN,,,,,,,,,,,,,,,,
5/11/2026 0:00,123.13.146.43,CN,,,,,,,,,,,,,,,,
5/11/2026 0:00,39.74.34.198,CN,,,,,,,,,,,,,,,,
5/11/2026 0:00,42.239.227.226,CN,,,,,,,,,,,,,,,,
5/11/2026 0:00,61.52.159.13,CN,,,,,,,,,,,,,,,,
5/11/2026 0:00,61.158.158.106,CN,,,,,,,,,,,,,,,,
5/11/2026 0:00,219.157.134.129,CN,,,,,,,,,,,,,,,,
5/11/2026 0:00,115.54.102.66,CN,,,,,,,,,,,,,,,,
5/11/2026 0:00,115.52.121.43,CN,,,,,,,,,,,,,,,,
5/11/2026 0:00,221.14.190.191,CN,,,,,,,,,,,,,,,,
5/11/2026 0:00,125.45.11.237,CN,,,,,,,,,,,,,,,,
5/11/2026 0:00,182.119.35.208,CN,,,,,,,,,,,,,,,,
5/11/2026 0:00,219.156.96.34,CN,,,,,,,,,,,,,,,,
5/11/2026 0:00,222.141.97.29,CN,,,,,,,,,,,,,,,,
5/11/2026 0:00,123.12.87.187,CN,,,,,,,,,,,,,,,,
5/11/2026 0:00,115.55.43.112,CN,,,,,,,,,,,,,,,,
5/11/2026 0:00,39.81.216.211,CN,,,,,,,,,,,,,,,,
5/11/2026 0:00,123.129.131.9,CN,,,,,,,,,,,,,,,,
5/11/2026 0:00,221.214.181.197,CN,,,,,,,,,,,,,,,,
5/11/2026 0:00,60.23.157.220,CN,,,,,,,,,,,,,,,,
5/11/2026 0:00,202.97.184.127,CN,,,,,,,,,,,,,,,,
5/11/2026 0:00,42.53.159.140,CN,,,,,,,,,,,,,,,,
5/11/2026 0:00,27.37.108.22,CN,,,,,,,,,,,,,,,,
5/11/2026 0:00,42.52.57.168,CN,,,,,,,,,,,,,,,,
5/11/2026 0:00,60.17.156.37,CN,,,,,,,,,,,,,,,,
5/11/2026 0:00,175.148.62.100,CN,,,,,,,,,,,,,,,,
5/11/2026 0:00,175.165.80.95,CN,,,,,,,,,,,,,,,,
5/11/2026 0:00,119.117.108.240,CN,,,,,,,,,,,,,,,,
5/11/2026 0:00,42.53.174.198,CN,,,,,,,,,,,,,,,,
5/11/2026 0:00,175.149.90.250,CN,,,,,,,,,,,,,,,,
5/11/2026 0:00,175.168.103.203,CN,,,,,,,,,,,,,,,,
5/11/2026 0:00,119.109.211.168,CN,,,,,,,,,,,,,,,,
5/11/2026 0:00,42.56.191.203,CN,,,,,,,,,,,,,,,,
5/11/2026 0:00,116.138.96.38,CN,,,,,,,,,,,,,,,,
5/11/2026 0:00,27.37.113.71,CN,,,,,,,,,,,,,,,,
5/11/2026 0:00,198.2.100.25,CA,,,,,,,,,,,,,,,,
5/11/2026 0:00,36.232.69.176,TW,,,,,,,,,,,,,,,,
5/11/2026 0:00,61.224.67.124,TW,,,,,,,,,,,,,,,,
5/11/2026 0:00,114.41.219.243,TW,,,,,,,,,,,,,,,,
5/12/2026 0:00,111.253.212.81,TW,,,,,,,,,,,,,,,,
5/12/2026 0:00,61.223.104.33,TW,,,,,,,,,,,,,,,,
5/12/2026 0:00,45.137.9.239,,,,,,,,,,,,,,,,,
5/12/2026 0:00,111.253.207.147,TW,,,,,,,,,,,,,,,,
5/12/2026 0:00,122.118.151.6,TW,,,,,,,,,,,,,,,,
5/12/2026 0:00,36.232.124.57,TW,,,,,,,,,,,,,,,,
5/12/2026 0:00,36.232.119.146,TW,,,,,,,,,,,,,,,,
5/12/2026 0:00,36.232.66.32,TW,,,,,,,,,,,,,,,,
5/12/2026 0:00,61.156.126.156,CN,,,,,,,,,,,,,,,,
5/12/2026 0:00,182.117.12.132,CN,,,,,,,,,,,,,,,,
5/12/2026 0:00,115.55.49.73,CN,,,,,,,,,,,,,,,,
5/12/2026 0:00,112.248.102.164,CN,,,,,,,,,,,,,,,,
5/12/2026 0:00,27.215.125.96,CN,,,,,,,,,,,,,,,,
5/12/2026 0:00,182.112.31.42,CN,,,,,,,,,,,,,,,,
5/12/2026 0:00,61.53.74.66,CN,,,,,,,,,,,,,,,,
5/12/2026 0:00,182.121.8.145,CN,,,,,,,,,,,,,,,,
5/12/2026 0:00,61.53.220.233,CN,,,,,,,,,,,,,,,,
5/12/2026 0:00,42.239.170.149,CN,,,,,,,,,,,,,,,,
5/12/2026 0:00,175.173.190.97,CN,,,,,,,,,,,,,,,,
5/12/2026 0:00,27.37.100.56,CN,,,,,,,,,,,,,,,,
5/12/2026 0:00,113.237.110.16,CN,,,,,,,,,,,,,,,,
